Name,Stmts,Miss,Branch,BrPart,Cover
Lib\_markupbase.py,270,247,172,0,6%
Lib\_osx_support.py,251,222,154,0,7%
Lib\_py_abc.py,83,72,52,0,10%
Lib\_pyio.py,1477,1208,602,3,14%
Lib\_strptime.py,306,199,172,8,29%
Lib\_threading_local.py,67,50,14,0,26%
Lib\aifc.py,616,611,240,0,1%
Lib\asynchat.py,148,146,52,0,1%
Lib\asyncore.py,404,394,176,0,2%
Lib\cProfile.py,115,94,26,1,17%
Lib\cgi.py,531,516,236,0,2%
Lib\cgitb.py,206,193,102,0,4%
Lib\colorsys.py,103,92,50,0,7%
Lib\compileall.py,226,211,136,1,4%
Lib\crypt.py,72,66,38,1,6%
Lib\curses\__init__.py,39,38,12,0,2%
Lib\dbm\__init__.py,91,73,36,1,17%
Lib\dbm\dumb.py,177,143,46,0,16%
Lib\dbm\gnu.py,1,0,0,0,100%
Lib\dbm\ndbm.py,1,0,0,0,100%
Lib\difflib.py,669,604,346,1,7%
Lib\doctest.py,962,730,494,12,20%
Lib\ensurepip\__init__.py,119,84,43,1,25%
Lib\ensurepip\_uninstall.py,11,6,2,1,46%
Lib\filecmp.py,164,133,62,1,15%
Lib\fileinput.py,235,199,88,1,12%
Lib\fractions.py,303,234,130,0,16%
Lib\ftplib.py,549,457,260,1,13%
Lib\getopt.py,107,90,62,1,12%
Lib\getpass.py,109,87,40,1,18%
Lib\graphlib.py,109,88,56,0,16%
Lib\gzip.py,397,337,194,1,12%
Lib\hmac.py,110,86,46,0,19%
Lib\html\__init__.py,37,21,20,1,30%
Lib\html\entities.py,9,0,2,0,100%
Lib\html\parser.py,279,236,134,0,11%
Lib\http\__init__.py,72,71,2,0,1%
Lib\idlelib\__init__.py,1,0,0,0,100%
Lib\idlelib\autocomplete.py,142,132,62,0,6%
Lib\idlelib\autocomplete_w.py,316,314,123,0,1%
Lib\idlelib\autoexpand.py,68,59,26,1,13%
Lib\idlelib\browser.py,126,122,48,0,2%
Lib\idlelib\calltip.py,108,101,38,0,5%
Lib\idlelib\calltip_w.py,121,120,30,0,1%
Lib\idlelib\codecontext.py,135,132,42,0,2%
Lib\idlelib\colorizer.py,200,195,62,0,2%
Lib\idlelib\config.py,407,403,214,0,1%
Lib\idlelib\config_key.py,180,179,40,0,1%
Lib\idlelib\configdialog.py,1029,1027,216,0,1%
Lib\idlelib\debugger.py,398,395,132,0,1%
Lib\idlelib\debugger_r.py,218,215,38,0,1%
Lib\idlelib\debugobj.py,103,101,24,0,2%
Lib\idlelib\debugobj_r.py,28,17,8,1,44%
Lib\idlelib\delegator.py,22,16,6,1,32%
Lib\idlelib\editor.py,1141,1130,405,0,1%
Lib\idlelib\filelist.py,101,99,36,0,1%
Lib\idlelib\format.py,235,233,90,0,1%
Lib\idlelib\grep.py,112,108,30,0,3%
Lib\idlelib\help.py,187,183,90,0,1%
Lib\idlelib\help_about.py,110,105,10,0,4%
Lib\idlelib\history.py,65,64,24,0,1%
Lib\idlelib\hyperparser.py,141,122,76,1,12%
Lib\idlelib\idle_test\__init__.py,7,5,0,0,29%
Lib\idlelib\idle_test\test_autocomplete.py,218,214,20,0,2%
Lib\idlelib\idle_test\test_autocomplete_w.py,22,19,4,0,12%
Lib\idlelib\idle_test\test_autoexpand.py,105,101,10,0,3%
Lib\idlelib\idle_test\test_browser.py,181,180,14,0,1%
Lib\idlelib\idle_test\test_calltip.py,230,229,110,0,1%
Lib\idlelib\idle_test\test_calltip_w.py,21,20,4,0,4%
Lib\idlelib\idle_test\test_codecontext.py,265,264,30,0,1%
Lib\idlelib\idle_test\test_colorizer.py,370,369,34,0,1%
Lib\idlelib\idle_test\test_config.py,482,481,30,0,1%
Lib\idlelib\idle_test\test_config_key.py,206,205,28,0,1%
Lib\idlelib\idle_test\test_configdialog.py,1152,1151,44,0,1%
Lib\idlelib\idle_test\test_debugger.py,18,17,4,0,5%
Lib\idlelib\idle_test\test_debugger_r.py,18,17,8,0,4%
Lib\idlelib\idle_test\test_debugobj.py,36,35,12,0,2%
Lib\idlelib\idle_test\test_debugobj_r.py,13,6,6,1,63%
Lib\idlelib\idle_test\test_delegator.py,22,17,4,1,31%
Lib\idlelib\idle_test\test_editmenu.py,53,51,12,0,3%
Lib\idlelib\idle_test\test_editor.py,102,101,30,0,1%
Lib\idlelib\idle_test\test_filelist.py,25,24,6,0,3%
Lib\idlelib\idle_test\test_format.py,376,375,38,0,1%
Lib\idlelib\idle_test\test_grep.py,95,94,12,0,1%
Lib\idlelib\idle_test\test_help.py,24,23,4,0,4%
Lib\idlelib\idle_test\test_help_about.py,121,120,20,0,1%
Lib\idlelib\idle_test\test_history.py,130,129,10,0,1%
Lib\idlelib\idle_test\test_hyperparser.py,183,179,12,0,2%
Lib\idlelib\idle_test\test_iomenu.py,50,49,12,0,2%
Lib\idlelib\idle_test\test_macosx.py,77,76,20,0,1%
Lib\idlelib\idle_test\test_mainmenu.py,20,19,14,0,3%
Lib\idlelib\idle_test\test_multicall.py,33,32,4,0,3%
Lib\idlelib\idle_test\test_outwin.py,118,117,12,0,1%
Lib\idlelib\idle_test\test_parenmatch.py,71,70,12,0,1%
Lib\idlelib\idle_test\test_pathbrowser.py,64,63,8,0,1%
Lib\idlelib\idle_test\test_percolator.py,91,90,6,0,1%
Lib\idlelib\idle_test\test_pyparse.py,210,184,48,1,12%
Lib\idlelib\idle_test\test_pyshell.py,109,108,12,0,1%
Lib\idlelib\idle_test\test_query.py,322,321,63,0,1%
Lib\idlelib\idle_test\test_redirector.py,92,91,6,0,1%
Lib\idlelib\idle_test\test_replace.py,230,229,6,0,1%
Lib\idlelib\idle_test\test_rpc.py,17,10,10,1,37%
Lib\idlelib\idle_test\test_run.py,356,355,36,0,1%
Lib\idlelib\idle_test\test_runscript.py,24,23,6,0,3%
Lib\idlelib\idle_test\test_scrolledlist.py,17,16,4,0,5%
Lib\idlelib\idle_test\test_search.py,50,49,8,0,2%
Lib\idlelib\idle_test\test_searchbase.py,112,109,20,0,2%
Lib\idlelib\idle_test\test_searchengine.py,212,211,38,0,1%
Lib\idlelib\idle_test\test_sidebar.py,517,510,44,0,1%
Lib\idlelib\idle_test\test_squeezer.py,277,275,28,0,1%
Lib\idlelib\idle_test\test_stackviewer.py,32,31,4,0,3%
Lib\idlelib\idle_test\test_statusbar.py,31,30,4,0,3%
Lib\idlelib\idle_test\test_text.py,157,129,20,1,20%
Lib\idlelib\idle_test\test_textview.py,162,161,20,0,1%
Lib\idlelib\idle_test\test_tooltip.py,114,113,6,0,1%
Lib\idlelib\idle_test\test_tree.py,39,38,12,0,2%
Lib\idlelib\idle_test\test_undo.py,97,93,6,0,4%
Lib\idlelib\idle_test\test_util.py,8,3,6,1,57%
Lib\idlelib\idle_test\test_warning.py,38,37,6,0,2%
Lib\idlelib\idle_test\test_window.py,28,27,6,0,3%
Lib\idlelib\idle_test\test_zoomheight.py,28,27,6,0,3%
Lib\idlelib\idle_test\test_zzdummy.py,105,104,10,0,1%
Lib\idlelib\iomenu.py,312,305,104,0,2%
Lib\idlelib\macosx.py,119,115,38,0,3%
Lib\idlelib\mainmenu.py,9,7,4,0,15%
Lib\idlelib\multicall.py,270,267,149,0,1%
Lib\idlelib\outwin.py,81,79,26,0,2%
Lib\idlelib\parenmatch.py,87,85,28,0,2%
Lib\idlelib\pathbrowser.py,84,80,30,0,4%
Lib\idlelib\percolator.py,91,89,14,0,2%
Lib\idlelib\pyparse.py,286,256,138,1,10%
Lib\idlelib\pyshell.py,1105,1100,392,1,1%
Lib\idlelib\query.py,212,207,60,0,2%
Lib\idlelib\redirector.py,74,73,12,0,1%
Lib\idlelib\replace.py,193,191,50,0,1%
Lib\idlelib\rpc.py,434,339,140,1,20%
Lib\idlelib\run.py,405,391,138,0,3%
Lib\idlelib\runscript.py,128,123,50,0,3%
Lib\idlelib\scrolledlist.py,112,111,30,0,1%
Lib\idlelib\search.py,79,78,18,0,1%
Lib\idlelib\searchengine.py,157,155,62,0,1%
Lib\idlelib\stackviewer.py,122,118,32,0,3%
Lib\idlelib\statusbar.py,39,38,8,0,2%
Lib\idlelib\textview.py,85,84,22,0,1%
Lib\idlelib\tooltip.py,92,91,16,0,1%
Lib\idlelib\tree.py,359,357,92,0,1%
Lib\idlelib\undo.py,257,202,90,1,19%
Lib\idlelib\util.py,5,2,2,1,57%
Lib\idlelib\window.py,71,70,16,0,1%
Lib\idlelib\zoomheight.py,66,63,16,0,4%
Lib\idlelib\zzdummy.py,32,31,6,0,3%
Lib\imaplib.py,739,609,272,2,15%
Lib\imghdr.py,108,104,52,0,2%
Lib\imp.py,169,168,80,0,1%
Lib\lib2to3\__init__.py,2,0,0,0,100%
Lib\lib2to3\btm_matcher.py,90,73,46,0,15%
Lib\lib2to3\btm_utils.py,167,148,115,0,7%
Lib\lib2to3\fixer_base.py,77,42,14,0,43%
Lib\lib2to3\fixer_util.py,250,204,138,0,12%
Lib\lib2to3\fixes\__init__.py,0,0,0,0,100%
Lib\lib2to3\fixes\fix_imports2.py,5,0,2,0,100%
Lib\lib2to3\fixes\fix_imports.py,49,34,19,0,25%
Lib\lib2to3\fixes\fix_urllib.py,107,96,60,0,8%
Lib\lib2to3\main.py,158,142,76,0,8%
Lib\lib2to3\patcomp.py,135,116,76,0,11%
Lib\lib2to3\pgen2\__init__.py,1,0,0,0,100%
Lib\lib2to3\pgen2\driver.py,112,69,46,8,34%
Lib\lib2to3\pgen2\grammar.py,51,15,8,0,75%
Lib\lib2to3\pgen2\literals.py,40,33,14,1,15%
Lib\lib2to3\pgen2\parse.py,83,70,36,0,14%
Lib\lib2to3\pgen2\pgen.py,297,265,138,0,9%
Lib\lib2to3\pgen2\token.py,73,3,4,0,96%
Lib\lib2to3\pgen2\tokenize.py,341,271,172,1,18%
Lib\lib2to3\pygram.py,19,0,4,0,100%
Lib\lib2to3\pytree.py,418,309,232,5,20%
Lib\lib2to3\refactor.py,448,382,238,2,12%
Lib\lib2to3\tests\__init__.py,7,3,0,0,57%
Lib\lib2to3\tests\data\fixers\myfixes\__init__.py,0,0,0,0,100%
Lib\lib2to3\tests\support.py,34,14,12,0,43%
Lib\lib2to3\tests\test_all_fixers.py,22,11,10,1,44%
Lib\lib2to3\tests\test_fixers.py,2776,2191,208,0,23%
Lib\lib2to3\tests\test_main.py,93,71,14,1,23%
Lib\lib2to3\tests\test_parser.py,412,259,58,1,42%
Lib\lib2to3\tests\test_pytree.py,370,327,12,0,12%
Lib\lib2to3\tests\test_refactor.py,243,197,38,0,17%
Lib\lib2to3\tests\test_util.py,317,253,38,0,24%
Lib\mailbox.py,1503,1264,669,0,13%
Lib\mailcap.py,185,168,94,1,6%
Lib\mimetypes.py,207,168,100,1,14%
Lib\modulefinder.py,497,447,240,1,7%
Lib\msilib\__init__.py,347,339,130,0,2%
Lib\netrc.py,146,129,82,1,11%
Lib\nntplib.py,534,521,223,0,2%
Lib\pickletools.py,498,330,218,11,28%
Lib\pipes.py,134,128,72,0,3%
Lib\plistlib.py,533,444,262,0,13%
Lib\poplib.py,209,156,60,2,23%
Lib\profile.py,289,246,92,1,14%
Lib\pstats.py,546,540,225,0,1%
Lib\pty.py,117,113,28,0,3%
Lib\py_compile.py,93,73,40,1,19%
Lib\pyclbr.py,179,153,88,1,13%
Lib\pydoc.py,1711,1520,864,2,9%
Lib\rlcompleter.py,111,91,62,3,14%
Lib\sched.py,65,41,12,0,34%
Lib\secrets.py,22,9,4,0,50%
Lib\shelve.py,111,79,28,0,29%
Lib\smtpd.py,609,600,230,0,1%
Lib\smtplib.py,514,416,227,2,17%
Lib\sndhdr.py,156,154,54,0,1%
Lib\socketserver.py,312,217,108,6,30%
Lib\statistics.py,488,403,220,0,13%
Lib\stringprep.py,65,36,18,0,35%
Lib\sunau.py,336,266,142,0,16%
Lib\symtable.py,162,86,68,1,41%
Lib\tabnanny.py,175,146,94,2,13%
Lib\tarfile.py,1485,1250,654,2,13%
Lib\telnetlib.py,377,265,122,2,23%
Lib\test\__init__.py,0,0,0,0,100%
Lib\test\_test_multiprocessing.py,4052,3270,813,3,19%
Lib\test\ann_module.py,40,9,14,0,83%
Lib\test\audiotests.py,271,232,20,0,16%
Lib\test\fork_wait.py,53,40,20,0,21%
Lib\test\inspect_fodder2.py,138,39,82,12,72%
Lib\test\inspect_fodder.py,56,20,12,0,71%
Lib\test\inspect_stock_annotations.py,19,6,6,1,72%
Lib\test\inspect_stringized_annotations.py,23,6,8,1,77%
Lib\test\inspect_stringized_annotations_2.py,2,0,2,1,75%
Lib\test\leakers\__init__.py,0,0,0,0,100%
Lib\test\leakers\test_ctypes.py,10,6,4,0,29%
Lib\test\leakers\test_selftype.py,9,7,4,0,15%
Lib\test\libregrtest\__init__.py,2,0,0,0,100%
Lib\test\libregrtest\cmdline.py,183,165,86,0,8%
Lib\test\libregrtest\main.py,496,483,240,0,2%
Lib\test\libregrtest\runtest.py,248,230,108,1,5%
Lib\test\libregrtest\save_env.py,217,144,32,0,32%
Lib\test\libregrtest\utils.py,136,119,30,0,10%
Lib\test\list_tests.py,443,410,40,0,7%
Lib\test\lock_tests.py,784,684,102,0,14%
Lib\test\mapping_tests.py,514,465,110,0,9%
Lib\test\mock_socket.py,105,60,14,1,42%
Lib\test\multibytecodec_support.py,274,268,98,0,2%
Lib\test\pickletester.py,2179,2162,662,0,1%
Lib\test\seq_tests.py,342,284,76,0,19%
Lib\test\string_tests.py,1071,988,136,7,9%
Lib\test\support\__init__.py,1132,762,410,31,29%
Lib\test\support\bytecode_helper.py,31,23,18,0,20%
Lib\test\support\hashlib_helper.py,31,10,6,0,68%
Lib\test\support\import_helper.py,107,45,36,4,53%
Lib\test\support\interpreters.py,88,52,32,0,37%
Lib\test\support\logging_helper.py,17,11,6,0,35%
Lib\test\support\os_helper.py,339,216,96,16,34%
Lib\test\support\script_helper.py,154,117,46,2,22%
Lib\test\support\socket_helper.py,120,91,57,4,19%
Lib\test\support\testresult.py,141,113,46,1,18%
Lib\test\support\threading_helper.py,126,92,50,3,23%
Lib\test\support\warnings_helper.py,104,60,30,2,36%
Lib\test\test___all__.py,96,76,50,2,19%
Lib\test\test___future__.py,39,31,12,1,22%
Lib\test\test__locale.py,125,95,52,3,20%
Lib\test\test__opcode.py,71,59,28,1,17%
Lib\test\test__osx_support.py,133,105,18,1,21%
Lib\test\test__xxsubinterpreters.py,1394,1174,292,1,15%
Lib\test\test_abc.py,557,509,274,1,7%
Lib\test\test_abstract_numbers.py,33,24,4,1,32%
Lib\test\test_aifc.py,321,311,46,0,3%
Lib\test\test_argparse.py,2269,1127,574,1,56%
Lib\test\test_array.py,1104,873,130,1,23%
Lib\test\test_asdl_parser.py,92,83,16,1,9%
Lib\test\test_ast.py,1342,1213,151,1,9%
Lib\test\test_asyncgen.py,1243,1151,96,1,8%
Lib\test\test_asynchat.py,200,185,32,0,6%
Lib\test\test_asyncio\__init__.py,8,1,0,0,88%
Lib\test\test_asyncio\functional.py,182,138,48,0,23%
Lib\test\test_asyncio\test_base_events.py,1344,1331,152,0,1%
Lib\test\test_asyncio\test_buffered_proto.py,51,33,16,1,40%
Lib\test\test_asyncio\test_context.py,25,17,4,1,38%
Lib\test\test_asyncio\test_events.py,1910,1883,300,1,1%
Lib\test\test_asyncio\test_futures2.py,11,5,4,1,60%
Lib\test\test_asyncio\test_futures.py,668,657,64,0,2%
Lib\test\test_asyncio\test_locks.py,1049,966,98,1,8%
Lib\test\test_asyncio\test_pep492.py,131,125,22,0,4%
Lib\test\test_asyncio\test_proactor_events.py,784,770,26,0,2%
Lib\test\test_asyncio\test_protocols.py,53,42,4,1,25%
Lib\test\test_asyncio\test_queues.py,349,294,50,1,19%
Lib\test\test_asyncio\test_runners.py,242,233,25,0,3%
Lib\test\test_asyncio\test_selector_events.py,963,950,44,0,1%
Lib\test\test_asyncio\test_sendfile.py,390,377,70,0,3%
Lib\test\test_asyncio\test_server.py,92,86,16,0,6%
Lib\test\test_asyncio\test_sock_lowlevel.py,394,386,66,0,2%
Lib\test\test_asyncio\test_ssl.py,1090,1074,156,0,1%
Lib\test\test_asyncio\test_sslproto.py,485,472,60,0,2%
Lib\test\test_asyncio\test_streams.py,742,728,42,0,2%
Lib\test\test_asyncio\test_subprocess.py,406,396,42,0,2%
Lib\test\test_asyncio\test_taskgroups.py,506,503,26,0,1%
Lib\test\test_asyncio\test_tasks.py,2266,2247,180,0,1%
Lib\test\test_asyncio\test_threads.py,40,27,6,1,35%
Lib\test\test_asyncio\test_timeouts.py,176,149,4,1,17%
Lib\test\test_asyncio\test_transports.py,67,53,8,1,23%
Lib\test\test_asyncio\test_unix_events.py,1264,1247,136,1,1%
Lib\test\test_asyncio\test_waitfor.py,196,169,12,1,15%
Lib\test\test_asyncio\test_windows_events.py,172,158,26,1,8%
Lib\test\test_asyncio\test_windows_utils.py,87,71,10,2,23%
Lib\test\test_asyncio\utils.py,375,357,102,0,4%
Lib\test\test_asyncore.py,573,552,118,1,3%
Lib\test\test_atexit.py,46,28,8,1,46%
Lib\test\test_audioop.py,364,319,90,1,12%
Lib\test\test_audit.py,115,85,40,2,22%
Lib\test\test_augassign.py,232,222,14,1,5%
Lib\test\test_base64.py,438,383,66,1,12%
Lib\test\test_baseexception.py,126,104,36,1,17%
Lib\test\test_bdb.py,569,465,148,1,18%
Lib\test\test_bigaddrspace.py,54,33,8,1,42%
Lib\test\test_bigmem.py,942,716,48,1,24%
Lib\test\test_binascii.py,321,280,48,1,14%
Lib\test\test_binop.py,325,243,108,1,26%
Lib\test\test_bisect.py,216,211,98,0,2%
Lib\test\test_bool.py,305,272,42,1,10%
Lib\test\test_buffer.py,2884,2671,745,6,7%
Lib\test\test_bufio.py,42,26,10,1,44%
Lib\test\test_builtin.py,1666,1478,352,2,11%
Lib\test\test_bytes.py,1497,1302,244,2,13%
Lib\test\test_bz2.py,761,612,70,2,20%
Lib\test\test_c_locale_coercion.py,175,121,68,6,28%
Lib\test\test_calendar.py,404,292,58,1,29%
Lib\test\test_call.py,387,260,90,1,32%
Lib\test\test_capi.py,638,492,114,1,24%
Lib\test\test_cgi.py,287,278,62,0,3%
Lib\test\test_cgitb.py,49,43,4,0,11%
Lib\test\test_charmapcodec.py,33,22,6,1,36%
Lib\test\test_check_c_globals.py,14,5,4,1,67%
Lib\test\test_class.py,412,377,56,1,9%
Lib\test\test_clinic.py,319,213,38,1,37%
Lib\test\test_cmath.py,374,320,144,3,13%
Lib\test\test_cmd.py,79,53,18,1,36%
Lib\test\test_cmd_line.py,510,421,70,2,17%
Lib\test\test_cmd_line_script.py,427,349,36,1,17%
Lib\test\test_code.py,327,314,72,0,3%
Lib\test\test_code_module.py,100,80,18,1,19%
Lib\test\test_codeccallbacks.py,444,385,139,1,13%
Lib\test\test_codecencodings_cn.py,21,20,10,0,3%
Lib\test\test_codecencodings_hk.py,8,7,4,0,8%
Lib\test\test_codecencodings_iso2022.py,20,19,8,0,4%
Lib\test\test_codecencodings_jp.py,38,37,16,0,2%
Lib\test\test_codecencodings_kr.py,16,15,8,0,4%
Lib\test\test_codecencodings_tw.py,8,7,4,0,8%
Lib\test\test_codecmaps_cn.py,13,12,8,0,5%
Lib\test\test_codecmaps_hk.py,7,6,4,0,9%
Lib\test\test_codecmaps_jp.py,28,27,14,0,2%
Lib\test\test_codecmaps_kr.py,17,16,8,0,4%
Lib\test\test_codecmaps_tw.py,12,11,6,0,6%
Lib\test\test_codecs.py,1666,1335,382,6,20%
Lib\test\test_codeop.py,240,221,20,2,9%
Lib\test\test_collections.py,1791,1634,507,1,8%
Lib\test\test_colorsys.py,48,36,30,1,19%
Lib\test\test_compare.py,89,68,42,1,21%
Lib\test\test_compile.py,856,773,164,3,8%
Lib\test\test_compileall.py,749,736,80,0,2%
Lib\test\test_complex.py,600,596,140,0,1%
Lib\test\test_concurrent_futures.py,921,692,182,3,26%
Lib\test\test_configparser.py,1335,1138,206,1,17%
Lib\test\test_contains.py,72,57,34,1,23%
Lib\test\test_context.py,749,662,74,1,12%
Lib\test\test_contextlib.py,909,783,124,1,15%
Lib\test\test_contextlib_async.py,553,551,78,0,1%
Lib\test\test_copy.py,761,672,150,2,10%
Lib\test\test_copyreg.py,73,70,26,0,3%
Lib\test\test_cprofile.py,50,46,10,0,7%
Lib\test\test_crashers.py,22,8,10,1,53%
Lib\test\test_crypt.py,85,59,32,3,28%
Lib\test\test_csv.py,953,763,124,1,21%
Lib\test\test_ctypes.py,6,3,2,0,38%
Lib\test\test_curses.py,1034,1023,110,0,1%
Lib\test\test_dataclasses.py,2751,2578,935,3,5%
Lib\test\test_datetime.py,42,36,20,1,11%
Lib\test\test_dbm.py,156,107,36,1,30%
Lib\test\test_dbm_dumb.py,229,183,42,1,18%
Lib\test\test_dbm_gnu.py,139,136,20,0,2%
Lib\test\test_dbm_ndbm.py,112,109,14,0,2%
Lib\test\test_decimal.py,3752,3733,552,1,1%
Lib\test\test_decorators.py,322,289,86,1,10%
Lib\test\test_defaultdict.py,160,140,10,1,14%
Lib\test\test_deque.py,767,667,218,1,12%
Lib\test\test_descr.py,4382,4167,1496,1,4%
Lib\test\test_descrtut.py,65,31,26,1,52%
Lib\test\test_devpoll.py,105,98,18,1,7%
Lib\test\test_dict.py,1195,1075,282,1,9%
Lib\test\test_dict_version.py,102,76,10,1,29%
Lib\test\test_dictcomps.py,70,57,32,1,16%
Lib\test\test_dictviews.py,271,248,14,1,9%
Lib\test\test_difflib.py,284,226,42,1,23%
Lib\test\test_dis.py,625,584,152,1,6%
Lib\test\test_distutils.py,11,6,2,0,38%
Lib\test\test_doctest2.py,33,14,14,2,57%
Lib\test\test_doctest.py,171,84,68,21,53%
Lib\test\test_docxmlrpc.py,111,110,14,0,1%
Lib\test\test_dtrace.py,100,51,36,1,49%
Lib\test\test_dynamic.py,94,78,34,1,15%
Lib\test\test_dynamicclassattribute.py,221,143,66,1,39%
Lib\test\test_eintr.py,13,3,4,1,76%
Lib\test\test_email\__init__.py,83,25,52,4,70%
Lib\test\test_email\test__encoded_words.py,113,60,14,1,52%
Lib\test\test_email\test__header_value_parser.py,1268,919,26,1,28%
Lib\test\test_email\test_asian_codecs.py,44,32,4,1,31%
Lib\test\test_email\test_contentmanager.py,424,338,34,1,21%
Lib\test\test_email\test_defect_handling.py,133,93,40,1,29%
Lib\test\test_email\test_email.py,3014,2994,198,0,1%
Lib\test\test_email\test_generator.py,148,103,14,2,34%
Lib\test\test_email\test_headerregistry.py,539,403,48,1,28%
Lib\test\test_email\test_inversion.py,36,16,8,2,59%
Lib\test\test_email\test_message.py,332,266,66,1,21%
Lib\test\test_email\test_parser.py,57,31,20,1,51%
Lib\test\test_email\test_pickleable.py,44,15,10,1,63%
Lib\test\test_email\test_policy.py,237,164,56,1,31%
Lib\test\test_email\test_utils.py,129,80,10,1,40%
Lib\test\test_email\torture_test.py,47,30,10,1,39%
Lib\test\test_embed.py,772,613,220,7,18%
Lib\test\test_ensurepip.py,189,137,20,1,31%
Lib\test\test_enum.py,3325,3313,1057,0,1%
Lib\test\test_enumerate.py,219,146,74,1,36%
Lib\test\test_eof.py,59,45,6,1,26%
Lib\test\test_epoll.py,167,158,14,1,6%
Lib\test\test_errno.py,17,8,14,1,45%
Lib\test\test_exception_group.py,566,494,130,1,15%
Lib\test\test_exception_hierarchy.py,143,91,36,1,43%
Lib\test\test_exceptions.py,1779,1622,204,1,9%
Lib\test\test_extcall.py,9,3,2,1,64%
Lib\test\test_faulthandler.py,370,255,58,2,28%
Lib\test\test_fcntl.py,161,151,30,0,5%
Lib\test\test_file.py,227,183,58,1,20%
Lib\test\test_file_eintr.py,95,52,38,2,47%
Lib\test\test_filecmp.py,154,129,18,1,17%
Lib\test\test_fileinput.py,681,552,86,1,22%
Lib\test\test_fileio.py,455,348,54,1,24%
Lib\test\test_fileutils.py,19,11,10,1,38%
Lib\test\test_finalization.py,368,262,88,1,34%
Lib\test\test_float.py,1098,1087,160,0,1%
Lib\test\test_flufl.py,26,19,4,1,33%
Lib\test\test_fnmatch.py,119,97,10,1,22%
Lib\test\test_fork1.py,72,61,24,1,12%
Lib\test\test_format.py,444,411,54,1,7%
Lib\test\test_fractions.py,568,494,44,6,14%
Lib\test\test_frame.py,182,155,22,1,17%
Lib\test\test_frozen.py,34,25,6,1,30%
Lib\test\test_fstring.py,778,698,44,1,10%
Lib\test\test_ftplib.py,824,803,110,0,2%
Lib\test\test_funcattrs.py,308,258,52,1,19%
Lib\test\test_functools.py,2327,2302,478,0,1%
Lib\test\test_future3.py,18,8,4,1,59%
Lib\test\test_future4.py,7,2,4,1,73%
Lib\test\test_future5.py,13,5,4,1,65%
Lib\test\test_future.py,325,284,14,1,14%
Lib\test\test_gc.py,847,746,224,2,11%
Lib\test\test_gdb.py,374,357,106,0,4%
Lib\test\test_generator_stop.py,24,18,4,1,32%
Lib\test\test_generators.py,620,546,148,1,12%
Lib\test\test_genericclass.py,253,224,118,1,10%
Lib\test\test_genericpath.py,390,323,42,1,18%
Lib\test\test_genexps.py,12,4,4,2,62%
Lib\test\test_getargs2.py,906,738,114,1,25%
Lib\test\test_getopt.py,99,81,6,1,20%
Lib\test\test_getpass.py,109,73,14,1,35%
Lib\test\test_getpath.py,518,430,123,0,15%
Lib\test\test_gettext.py,395,301,62,1,26%
Lib\test\test_glob.py,294,253,84,1,12%
Lib\test\test_global.py,30,17,4,1,47%
Lib\test\test_graphlib.py,162,139,20,1,14%
Lib\test\test_grp.py,77,74,28,0,3%
Lib\test\test_gzip.py,633,526,62,1,17%
Lib\test\test_hash.py,199,108,86,2,47%
Lib\test\test_hashlib.py,744,725,198,0,2%
Lib\test\test_heapq.py,345,337,170,0,2%
Lib\test\test_hmac.py,338,260,24,1,25%
Lib\test\test_html.py,61,55,30,1,10%
Lib\test\test_htmlparser.py,287,213,48,1,26%
Lib\test\test_http_cookiejar.py,953,945,82,0,1%
Lib\test\test_http_cookies.py,282,278,36,0,1%
Lib\test\test_httplib.py,1460,1457,186,0,1%
Lib\test\test_httpservers.py,896,894,100,0,1%
Lib\test\test_idle.py,16,11,6,1,27%
Lib\test\test_imaplib.py,774,591,170,2,22%
Lib\test\test_imghdr.py,105,97,16,0,7%
Lib\test\test_imp.py,294,279,44,0,4%
Lib\test\test_import\__init__.py,943,917,100,0,2%
Lib\test\test_importlib\__init__.py,4,1,0,0,75%
Lib\test\test_importlib\abc.py,36,11,4,0,72%
Lib\test\test_importlib\builtin\__init__.py,4,1,0,0,75%
Lib\test\test_importlib\builtin\test_finder.py,52,51,6,0,2%
Lib\test\test_importlib\builtin\test_loader.py,66,65,10,0,1%
Lib\test\test_importlib\data01\__init__.py,0,0,0,0,100%
Lib\test\test_importlib\extension\__init__.py,4,1,0,0,75%
Lib\test\test_importlib\extension\test_case_sensitivity.py,33,28,4,0,14%
Lib\test\test_importlib\extension\test_finder.py,21,20,6,0,4%
Lib\test\test_importlib\extension\test_loader.py,183,181,20,0,1%
Lib\test\test_importlib\extension\test_path_hook.py,11,10,4,0,7%
Lib\test\test_importlib\fixtures.py,127,65,30,0,55%
Lib\test\test_importlib\frozen\__init__.py,4,1,0,0,75%
Lib\test\test_importlib\frozen\test_finder.py,150,149,38,0,1%
Lib\test\test_importlib\frozen\test_loader.py,175,174,28,0,1%
Lib\test\test_importlib\import_\__init__.py,4,1,0,0,75%
Lib\test\test_importlib\import_\test___loader__.py,53,47,10,0,10%
Lib\test\test_importlib\import_\test___package__.py,96,93,16,0,3%
Lib\test\test_importlib\import_\test_api.py,97,96,20,0,1%
Lib\test\test_importlib\import_\test_caching.py,55,54,6,0,2%
Lib\test\test_importlib\import_\test_fromlist.py,108,107,6,0,1%
Lib\test\test_importlib\import_\test_meta_path.py,87,86,14,0,1%
Lib\test\test_importlib\import_\test_packages.py,77,76,4,0,1%
Lib\test\test_importlib\import_\test_path.py,205,204,28,0,1%
Lib\test\test_importlib\import_\test_relative_imports.py,122,121,12,0,1%
Lib\test\test_importlib\namespace_pkgs\module_and_namespace_package\a_test.py,1,0,0,0,100%
Lib\test\test_importlib\resources\__init__.py,0,0,0,0,100%
Lib\test\test_importlib\resources\util.py,114,72,18,0,38%
Lib\test\test_importlib\source\__init__.py,4,1,0,0,75%
Lib\test\test_importlib\source\test_case_sensitivity.py,56,54,8,0,3%
Lib\test\test_importlib\source\test_file_loader.py,531,530,92,0,1%
Lib\test\test_importlib\source\test_finder.py,124,123,22,0,1%
Lib\test\test_importlib\source\test_path_hook.py,19,18,4,0,4%
Lib\test\test_importlib\source\test_source_encoding.py,94,93,14,0,1%
Lib\test\test_importlib\stubs.py,5,1,4,0,89%
Lib\test\test_importlib\test_abc.py,621,610,118,0,1%
Lib\test\test_importlib\test_api.py,323,322,48,0,1%
Lib\test\test_importlib\test_compatibilty_files.py,67,63,6,0,5%
Lib\test\test_importlib\test_contents.py,19,5,10,0,76%
Lib\test\test_importlib\test_files.py,29,11,10,1,69%
Lib\test\test_importlib\test_lazy.py,99,92,16,0,6%
Lib\test\test_importlib\test_locks.py,94,93,26,0,1%
Lib\test\test_importlib\test_main.py,166,153,30,0,7%
Lib\test\test_importlib\test_metadata_api.py,194,141,32,0,27%
Lib\test\test_importlib\test_namespace_pkgs.py,236,226,38,0,4%
Lib\test\test_importlib\test_open.py,54,32,14,1,51%
Lib\test\test_importlib\test_path.py,37,20,12,1,57%
Lib\test\test_importlib\test_pkg_import.py,57,40,14,1,28%
Lib\test\test_importlib\test_read.py,41,20,14,1,62%
Lib\test\test_importlib\test_reader.py,81,75,12,0,6%
Lib\test\test_importlib\test_resource.py,145,88,24,1,45%
Lib\test\test_importlib\test_spec.py,586,585,40,0,1%
Lib\test\test_importlib\test_threaded_import.py,169,130,30,1,23%
Lib\test\test_importlib\test_util.py,555,554,72,0,1%
Lib\test\test_importlib\test_windows.py,137,136,26,0,1%
Lib\test\test_importlib\test_zip.py,41,24,8,0,43%
Lib\test\test_importlib\util.py,275,227,97,4,15%
Lib\test\test_importlib\zipdata01\__init__.py,0,0,0,0,100%
Lib\test\test_importlib\zipdata02\__init__.py,0,0,0,0,100%
Lib\test\test_index.py,212,155,44,1,33%
Lib\test\test_inspect.py,2806,2771,638,0,1%
Lib\test\test_int.py,423,419,102,0,1%
Lib\test\test_int_literal.py,91,82,4,1,13%
Lib\test\test_interpreters.py,487,378,52,0,25%
Lib\test\test_io.py,3326,2811,514,1,16%
Lib\test\test_ioctl.py,66,60,12,0,8%
Lib\test\test_ipaddress.py,1543,1331,130,1,15%
Lib\test\test_isinstance.py,229,180,72,1,21%
Lib\test\test_iter.py,766,671,176,1,12%
Lib\test\test_iterlen.py,125,77,40,1,52%
Lib\test\test_itertools.py,1711,1484,575,1,12%
Lib\test\test_json\__init__.py,40,33,12,0,13%
Lib\test\test_keyword.py,25,14,6,1,45%
Lib\test\test_keywordonlyarg.py,134,105,18,1,22%
Lib\test\test_kqueue.py,185,177,22,1,4%
Lib\test\test_largefile.py,203,151,34,1,27%
Lib\test\test_launcher.py,355,291,105,2,16%
Lib\test\test_lib2to3.py,7,2,2,0,56%
Lib\test\test_linecache.py,184,132,42,1,31%
Lib\test\test_list.py,188,164,40,1,12%
Lib\test\test_listcomps.py,9,3,2,1,64%
Lib\test\test_lltrace.py,68,53,16,1,21%
Lib\test\test_locale.py,407,292,92,1,33%
Lib\test\test_logging.py,3017,2981,411,0,1%
Lib\test\test_long.py,983,893,251,1,8%
Lib\test\test_longexp.py,8,4,4,1,58%
Lib\test\test_lzma.py,1089,929,56,1,15%
Lib\test\test_mailbox.py,1569,1310,356,6,16%
Lib\test\test_mailcap.py,87,59,28,1,34%
Lib\test\test_marshal.py,470,438,134,1,7%
Lib\test\test_math.py,1444,1301,278,2,9%
Lib\test\test_memoryio.py,699,595,48,1,17%
Lib\test\test_memoryview.py,418,331,118,3,22%
Lib\test\test_metaclass.py,12,4,4,2,62%
Lib\test\test_mimetypes.py,233,186,18,1,22%
Lib\test\test_minidom.py,969,810,96,29,18%
Lib\test\test_mmap.py,673,589,80,2,12%
Lib\test\test_module.py,254,204,30,1,20%
Lib\test\test_modulefinder.py,120,73,22,1,35%
Lib\test\test_msilib.py,109,101,8,0,7%
Lib\test\test_multibytecodec.py,258,195,42,1,27%
Lib\test\test_multiprocessing_fork.py,13,6,8,2,43%
Lib\test\test_multiprocessing_forkserver.py,11,4,6,2,53%
Lib\test\test_multiprocessing_main_handling.py,153,101,20,2,36%
Lib\test\test_multiprocessing_spawn.py,8,2,4,2,67%
Lib\test\test_netrc.py,133,101,18,1,23%
Lib\test\test_nis.py,31,24,14,0,16%
Lib\test\test_nntplib.py,993,980,212,0,1%
Lib\test\test_ntpath.py,666,565,40,1,16%
Lib\test\test_numeric_tower.py,114,92,38,1,18%
Lib\test\test_opcache.py,17,14,12,0,17%
Lib\test\test_opcodes.py,99,97,28,0,2%
Lib\test\test_openpty.py,14,11,8,1,18%
Lib\test\test_operator.py,566,560,100,0,1%
Lib\test\test_optparse.py,808,533,126,1,38%
Lib\test\test_ordered_dict.py,770,756,150,0,2%
Lib\test\test_os.py,3004,2348,574,5,21%
Lib\test\test_ossaudiodev.py,130,122,20,0,5%
Lib\test\test_osx_env.py,20,10,4,1,54%
Lib\test\test_pathlib.py,2220,1948,150,4,13%
Lib\test\test_pdb.py,374,359,42,0,4%
Lib\test\test_peepholer.py,437,388,128,1,10%
Lib\test\test_peg_generator\__init__.py,8,2,2,1,70%
Lib\test\test_peg_generator\test_c_parser.py,157,104,8,1,34%
Lib\test\test_peg_generator\test_first_sets.py,76,44,2,0,44%
Lib\test\test_peg_generator\test_grammar_validator.py,29,17,8,0,38%
Lib\test\test_peg_generator\test_pegen.py,345,275,8,0,22%
Lib\test\test_pep646_syntax.py,8,4,2,1,50%
Lib\test\test_pickle.py,380,366,148,0,3%
Lib\test\test_picklebuffer.py,112,91,8,1,22%
Lib\test\test_pickletools.py,47,43,10,0,7%
Lib\test\test_pipes.py,140,132,16,0,5%
Lib\test\test_pkg.py,144,122,36,1,14%
Lib\test\test_pkgutil.py,400,337,44,1,18%
Lib\test\test_platform.py,269,215,49,1,18%
Lib\test\test_plistlib.py,439,335,100,1,21%
Lib\test\test_poll.py,178,164,42,0,6%
Lib\test\test_popen.py,40,25,10,3,40%
Lib\test\test_poplib.py,380,364,58,0,4%
Lib\test\test_positional_only_arg.py,345,307,36,1,11%
Lib\test\test_posix.py,1411,1405,199,0,1%
Lib\test\test_posixpath.py,523,415,38,1,20%
Lib\test\test_pow.py,127,115,68,1,8%
Lib\test\test_pprint.py,477,349,96,1,31%
Lib\test\test_print.py,115,93,16,2,23%
Lib\test\test_profile.py,114,112,24,0,1%
Lib\test\test_property.py,249,155,74,1,41%
Lib\test\test_pstats.py,86,82,24,0,4%
Lib\test\test_pty.py,293,290,60,0,1%
Lib\test\test_pulldom.py,239,200,36,1,19%
Lib\test\test_pwd.py,77,73,24,0,4%
Lib\test\test_py_compile.py,195,127,26,1,38%
Lib\test\test_pyclbr.py,150,144,70,0,3%
Lib\test\test_pydoc.py,826,802,148,0,2%
Lib\test\test_pyexpat.py,448,343,58,1,26%
Lib\test\test_queue.py,457,447,100,0,2%
Lib\test\test_quopri.py,90,53,24,1,35%
Lib\test\test_raise.py,391,338,30,1,16%
Lib\test\test_random.py,817,699,196,1,13%
Lib\test\test_range.py,521,484,92,1,7%
Lib\test\test_re.py,1883,1688,252,1,10%
Lib\test\test_readline.py,188,163,36,2,13%
Lib\test\test_regrtest.py,770,756,184,0,1%
Lib\test\test_repl.py,57,38,10,2,37%
Lib\test\test_reprlib.py,289,226,40,1,24%
Lib\test\test_resource.py,126,118,22,0,5%
Lib\test\test_richcmp.py,245,194,112,2,19%
Lib\test\test_rlcompleter.py,105,86,32,1,18%
Lib\test\test_robotparser.py,188,183,58,0,2%
Lib\test\test_runpy.py,546,455,112,1,16%
Lib\test\test_sax.py,1038,1031,76,0,1%
Lib\test\test_sched.py,180,152,34,1,15%
Lib\test\test_scope.py,463,414,62,1,10%
Lib\test\test_script_helper.py,93,65,6,1,33%
Lib\test\test_secrets.py,81,63,32,1,22%
Lib\test\test_select.py,78,52,26,1,32%
Lib\test\test_selectors.py,393,321,58,3,20%
Lib\test\test_set.py,1610,1194,518,1,26%
Lib\test\test_setcomps.py,9,3,2,1,64%
Lib\test\test_shelve.py,162,103,18,1,41%
Lib\test\test_shlex.py,163,130,54,2,17%
Lib\test\test_shutil.py,1934,1591,219,2,18%
Lib\test\test_signal.py,527,376,118,1,27%
Lib\test\test_site.py,415,394,83,0,4%
Lib\test\test_slice.py,174,150,40,1,14%
Lib\test\test_smtpd.py,697,685,50,0,2%
Lib\test\test_smtplib.py,1077,1049,124,0,2%
Lib\test\test_smtpnet.py,72,51,10,1,32%
Lib\test\test_sndhdr.py,25,20,8,0,15%
Lib\test\test_socket.py,4171,2922,618,5,32%
Lib\test\test_socketserver.py,342,248,86,3,26%
Lib\test\test_sort.py,262,230,124,1,11%
Lib\test\test_source_encoding.py,161,116,10,1,32%
Lib\test\test_spwd.py,60,56,10,0,6%
Lib\test\test_sqlite3\__init__.py,10,2,2,1,75%
Lib\test\test_sqlite3\test_backup.py,126,104,8,1,19%
Lib\test\test_sqlite3\test_dbapi.py,1122,1107,186,0,1%
Lib\test\test_sqlite3\test_dump.py,31,23,12,1,26%
Lib\test\test_sqlite3\test_factory.py,222,177,40,1,23%
Lib\test\test_sqlite3\test_hooks.py,171,167,28,0,2%
Lib\test\test_sqlite3\test_regression.py,280,273,56,0,2%
Lib\test\test_sqlite3\test_transactions.py,233,230,20,0,1%
Lib\test\test_sqlite3\test_types.py,388,293,56,1,26%
Lib\test\test_sqlite3\test_userfunctions.py,598,588,152,0,1%
Lib\test\test_ssl.py,3275,3256,585,0,1%
Lib\test\test_stable_abi_ctypes.py,10,3,4,0,64%
Lib\test\test_startfile.py,24,10,4,1,61%
Lib\test\test_stat.py,153,144,42,0,5%
Lib\test\test_statistics.py,1807,1783,488,0,1%
Lib\test\test_strftime.py,104,85,46,1,16%
Lib\test\test_string.py,364,316,64,1,13%
Lib\test\test_string_literals.py,168,139,14,1,18%
Lib\test\test_stringprep.py,44,39,4,1,17%
Lib\test\test_strptime.py,439,411,64,1,7%
Lib\test\test_strtod.py,170,148,68,2,11%
Lib\test\test_struct.py,510,452,126,1,10%
Lib\test\test_structmembers.py,90,65,12,1,29%
Lib\test\test_structseq.py,102,83,28,1,17%
Lib\test\test_subclassinit.py,211,190,94,1,8%
Lib\test\test_subprocess.py,1996,1630,306,4,17%
Lib\test\test_sunau.py,89,20,18,2,79%
Lib\test\test_sundry.py,44,36,8,1,21%
Lib\test\test_super.py,227,179,74,1,22%
Lib\test\test_support.py,432,339,36,1,21%
Lib\test\test_symtable.py,159,117,10,2,28%
Lib\test\test_syntax.py,184,140,26,1,22%
Lib\test\test_sys.py,1053,923,178,1,12%
Lib\test\test_sys_setprofile.py,254,195,36,2,25%
Lib\test\test_sysconfig.py,319,307,60,0,3%
Lib\test\test_syslog.py,25,23,4,0,7%
Lib\test\test_tabnanny.py,165,121,32,0,29%
Lib\test\test_tarfile.py,1923,1492,302,1,25%
Lib\test\test_tcl.py,563,551,56,0,2%
Lib\test\test_telnetlib.py,285,216,52,2,27%
Lib\test\test_tempfile.py,1087,908,176,3,18%
Lib\test\test_textwrap.py,453,362,56,1,22%
Lib\test\test_thread.py,199,158,48,1,22%
Lib\test\test_threadedtempfile.py,36,19,14,1,44%
Lib\test\test_threading.py,878,705,176,1,21%
Lib\test\test_threading_local.py,150,117,34,1,23%
Lib\test\test_threadsignals.py,141,132,14,1,6%
Lib\test\test_time.py,684,626,178,1,7%
Lib\test\test_timeit.py,239,168,16,1,30%
Lib\test\test_timeout.py,149,107,18,1,31%
Lib\test\test_tix.py,24,16,8,1,28%
Lib\test\test_tk.py,12,5,4,1,50%
Lib\test\test_tokenize.py,708,705,94,0,1%
Lib\test\test_tomllib\__init__.py,6,1,0,0,83%
Lib\test\test_tomllib\burntsushi.py,70,61,54,0,7%
Lib\test\test_tomllib\test_data.py,43,22,12,0,49%
Lib\test\test_tomllib\test_error.py,35,27,4,0,26%
Lib\test\test_tomllib\test_misc.py,50,36,6,0,29%
Lib\test\test_tools\__init__.py,30,6,8,3,76%
Lib\test\test_tools\test_fixcid.py,44,30,2,0,35%
Lib\test\test_tools\test_freeze.py,19,6,2,0,71%
Lib\test\test_tools\test_gprof2html.py,24,13,4,1,50%
Lib\test\test_tools\test_i18n.py,179,137,36,0,20%
Lib\test\test_tools\test_lll.py,24,12,6,1,50%
Lib\test\test_tools\test_md5sum.py,63,41,6,1,36%
Lib\test\test_tools\test_pathfix.py,57,39,10,1,31%
Lib\test\test_tools\test_pdeps.py,19,8,4,1,61%
Lib\test\test_tools\test_pindent.py,102,78,6,1,25%
Lib\test\test_tools\test_reindent.py,21,9,4,1,60%
Lib\test\test_tools\test_sundry.py,34,17,14,1,42%
Lib\test\test_trace.py,309,229,46,1,28%
Lib\test\test_traceback.py,1529,1482,164,3,3%
Lib\test\test_tracemalloc.py,654,560,56,1,15%
Lib\test\test_ttk_guionly.py,27,20,6,1,24%
Lib\test\test_ttk_textonly.py,185,181,34,0,2%
Lib\test\test_tuple.py,264,227,62,1,12%
Lib\test\test_turtle.py,261,255,38,0,2%
Lib\test\test_type_annotations.py,84,77,20,0,9%
Lib\test\test_type_cache.py,32,26,8,0,15%
Lib\test\test_type_comments.py,160,119,56,1,20%
Lib\test\test_typechecks.py,48,32,14,1,40%
Lib\test\test_types.py,1603,1458,305,1,9%
Lib\test\test_typing.py,4730,4717,1306,0,1%
Lib\test\test_ucn.py,128,123,26,0,3%
Lib\test\test_unary.py,39,30,6,1,27%
Lib\test\test_unicode.py,1812,1643,296,1,8%
Lib\test\test_unicode_file.py,86,71,16,2,19%
Lib\test\test_unicode_file_functions.py,108,73,40,4,33%
Lib\test\test_unicode_identifiers.py,25,19,6,1,29%
Lib\test\test_unicodedata.py,248,246,54,0,1%
Lib\test\test_unittest.py,8,3,2,1,60%
Lib\test\test_univnewlines.py,90,81,40,1,8%
Lib\test\test_unpack.py,19,11,6,1,44%
Lib\test\test_unpack_ex.py,9,3,2,1,64%
Lib\test\test_unparse.py,378,283,62,1,24%
Lib\test\test_urllib2.py,1180,1174,196,0,1%
Lib\test\test_urllib2_localnet.py,454,449,72,0,1%
Lib\test\test_urllib2net.py,209,203,30,0,3%
Lib\test\test_urllib.py,1016,1014,100,0,1%
Lib\test\test_urllib_response.py,45,33,4,1,31%
Lib\test\test_urllibnet.py,123,115,12,0,6%
Lib\test\test_urlparse.py,846,761,96,1,10%
Lib\test\test_userdict.py,150,134,34,1,10%
Lib\test\test_userlist.py,55,40,10,1,28%
Lib\test\test_userstring.py,39,27,10,1,31%
Lib\test\test_utf8_mode.py,158,124,38,1,19%
Lib\test\test_utf8source.py,24,17,6,1,40%
Lib\test\test_uu.py,161,128,20,1,23%
Lib\test\test_uuid.py,394,380,204,0,2%
Lib\test\test_venv.py,358,287,72,3,19%
Lib\test\test_wait3.py,36,27,12,1,21%
Lib\test\test_wait4.py,27,19,12,1,23%
Lib\test\test_wave.py,105,37,22,4,68%
Lib\test\test_weakref.py,1524,1327,228,1,13%
Lib\test\test_weakset.py,398,332,94,1,16%
Lib\test\test_webbrowser.py,188,115,38,2,44%
Lib\test\test_winconsoleio.py,139,113,18,2,19%
Lib\test\test_winreg.py,297,240,38,1,20%
Lib\test\test_winsound.py,90,52,16,1,42%
Lib\test\test_with.py,592,485,112,6,21%
Lib\test\test_wsgiref.py,474,470,78,0,1%
Lib\test\test_xdrlib.py,54,41,6,1,30%
Lib\test\test_xml_dom_minicompat.py,91,72,12,1,23%
Lib\test\test_xml_etree.py,2428,2122,314,1,13%
Lib\test\test_xml_etree_c.py,163,156,24,0,4%
Lib\test\test_xmlrpc.py,998,990,148,0,1%
Lib\test\test_xmlrpc_net.py,18,14,8,0,15%
Lib\test\test_xxlimited.py,67,63,6,0,5%
Lib\test\test_xxtestfuzz.py,17,13,4,0,19%
Lib\test\test_yield_from.py,660,620,60,1,6%
Lib\test\test_zipapp.py,299,248,10,1,18%
Lib\test\test_zipfile64.py,95,72,30,1,22%
Lib\test\test_zipfile.py,2289,1875,351,1,19%
Lib\test\test_zipimport.py,563,460,46,1,18%
Lib\test\test_zipimport_support.py,123,108,22,0,10%
Lib\test\test_zlib.py,614,499,98,1,19%
Lib\test\test_zoneinfo\__init__.py,1,0,0,0,100%
Lib\test\test_zoneinfo\_support.py,55,27,8,0,48%
Lib\test\test_zoneinfo\test_zoneinfo.py,1063,1041,232,0,2%
Lib\test\tracedmodules\__init__.py,0,0,0,0,100%
Lib\test\tracedmodules\testmod.py,5,3,0,0,40%
Lib\timeit.py,168,145,70,1,11%
Lib\tkinter\__init__.py,1968,1944,518,2,1%
Lib\tkinter\constants.py,73,0,0,0,100%
Lib\tomllib\__init__.py,3,0,0,0,100%
Lib\tomllib\_parser.py,458,397,190,0,11%
Lib\tomllib\_re.py,35,20,8,0,35%
Lib\tomllib\_types.py,4,0,0,0,100%
Lib\trace.py,411,367,192,1,8%
Lib\tracemalloc.py,347,244,133,0,26%
Lib\tty.py,25,24,0,0,4%
Lib\turtle.py,1757,1754,736,0,1%
Lib\unittest\__init__.py,23,4,2,0,84%
Lib\unittest\async_case.py,55,34,10,0,35%
Lib\unittest\case.py,762,564,308,1,21%
Lib\unittest\loader.py,293,234,118,2,17%
Lib\unittest\main.py,162,133,68,0,13%
Lib\unittest\mock.py,1556,1247,744,16,17%
Lib\unittest\result.py,148,107,54,0,21%
Lib\unittest\runner.py,197,165,90,0,13%
Lib\unittest\signals.py,48,35,22,0,21%
Lib\unittest\suite.py,256,204,108,3,18%
Lib\unittest\test\__init__.py,20,13,6,1,31%
Lib\unittest\test\support.py,89,58,26,0,37%
Lib\unittest\test\test_assertions.py,212,165,34,1,21%
Lib\unittest\test\test_async_case.py,285,262,26,1,9%
Lib\unittest\test\test_break.py,209,168,30,1,21%
Lib\unittest\test\test_case.py,1270,1123,198,4,11%
Lib\unittest\test\test_discovery.py,585,576,116,0,1%
Lib\unittest\test\test_functiontestcase.py,70,58,12,1,18%
Lib\unittest\test\test_loader.py,899,789,264,4,10%
Lib\unittest\test\test_program.py,324,256,52,1,22%
Lib\unittest\test\test_result.py,973,865,114,1,12%
Lib\unittest\test\test_runner.py,909,847,158,1,7%
Lib\unittest\test\test_setups.py,422,397,82,1,6%
Lib\unittest\test\test_skipping.py,446,417,70,1,6%
Lib\unittest\test\test_suite.py,254,210,82,5,17%
Lib\unittest\util.py,124,103,56,0,12%
Lib\venv\__init__.py,298,270,144,2,7%
Lib\wave.py,385,309,156,0,16%
Lib\webbrowser.py,417,322,206,3,20%
Lib\xdrlib.py,170,108,40,0,33%
Lib\xmlrpc\__init__.py,0,0,0,0,100%
Lib\xmlrpc\client.py,721,714,226,0,1%
Lib\xmlrpc\server.py,418,417,144,0,1%
Lib\zipapp.py,105,84,58,2,15%
Lib\zoneinfo\__init__.py,14,4,2,0,62%
Lib\zoneinfo\_common.py,70,61,26,0,14%
Lib\zoneinfo\_tzpath.py,85,61,50,4,22%
Programs\test_frozenmain.py,7,0,2,0,100%
Tools\c-analyzer\c_analyzer\__init__.py,48,38,22,0,14%
Tools\c-analyzer\c_analyzer\__main__.py,297,259,118,2,10%
Tools\c-analyzer\c_analyzer\analyze.py,214,196,162,0,5%
Tools\c-analyzer\c_analyzer\datafiles.py,54,37,22,0,22%
Tools\c-analyzer\c_analyzer\info.py,234,175,119,0,18%
Tools\c-analyzer\c_analyzer\match.py,114,98,76,0,8%
Tools\c-analyzer\c_common\__init__.py,1,0,0,0,100%
Tools\c-analyzer\c_common\clsutil.py,68,47,26,2,29%
Tools\c-analyzer\c_common\fsutil.py,282,248,192,0,7%
Tools\c-analyzer\c_common\iterutil.py,41,38,14,0,5%
Tools\c-analyzer\c_common\logging.py,28,19,10,0,29%
Tools\c-analyzer\c_common\misc.py,6,1,2,0,88%
Tools\c-analyzer\c_common\scriptutil.py,447,393,232,1,9%
Tools\c-analyzer\c_common\strutil.py,28,23,14,0,12%
Tools\c-analyzer\c_common\tables.py,244,215,158,0,7%
Tools\c-analyzer\c_parser\__init__.py,44,35,28,0,12%
Tools\c-analyzer\c_parser\__main__.py,145,120,60,1,13%
Tools\c-analyzer\c_parser\datafiles.py,79,61,40,0,15%
Tools\c-analyzer\c_parser\info.py,1126,826,538,2,21%
Tools\c-analyzer\c_parser\match.py,113,92,68,0,12%
Tools\c-analyzer\c_parser\parser\__init__.py,63,55,30,0,9%
Tools\c-analyzer\c_parser\parser\_info.py,130,103,60,0,16%
Tools\c-analyzer\c_parser\parser\_regexes.py,35,0,4,2,95%
Tools\c-analyzer\c_parser\preprocessor\__init__.py,95,74,56,0,14%
Tools\c-analyzer\c_parser\preprocessor\__main__.py,78,61,24,1,20%
Tools\c-analyzer\c_parser\preprocessor\common.py,85,67,36,0,15%
Tools\c-analyzer\c_parser\preprocessor\errors.py,72,49,32,0,32%
Tools\c-analyzer\c_parser\preprocessor\gcc.py,59,47,34,0,13%
Tools\c-analyzer\c_parser\preprocessor\pure.py,12,9,4,0,19%
Tools\c-analyzer\c_parser\source.py,45,36,22,0,13%
Tools\c-analyzer\cpython\__init__.py,5,0,4,0,100%
Tools\c-analyzer\cpython\__main__.py,200,172,80,2,11%
Tools\c-analyzer\cpython\_analyzer.py,213,173,133,0,13%
Tools\c-analyzer\cpython\_capi.py,373,322,233,0,9%
Tools\c-analyzer\cpython\_files.py,39,31,24,0,13%
Tools\c-analyzer\cpython\_parser.py,36,12,14,0,64%
Tools\clinic\clinic.py,2840,2206,1332,14,20%
Tools\clinic\cpp.py,109,95,64,1,10%
Tools\freeze\test\freeze.py,122,99,38,0,16%
Tools\peg_generator\pegen\__init__.py,0,0,0,0,100%
Tools\peg_generator\pegen\ast_dump.py,52,50,30,0,2%
Tools\peg_generator\pegen\build.py,136,112,38,0,14%
Tools\peg_generator\pegen\c_generator.py,538,455,177,0,13%
Tools\peg_generator\pegen\first_sets.py,91,63,30,1,26%
Tools\peg_generator\pegen\grammar.py,231,130,90,1,45%
Tools\peg_generator\pegen\grammar_parser.py,290,237,140,1,13%
Tools\peg_generator\pegen\grammar_visualizer.py,43,29,16,1,29%
Tools\peg_generator\pegen\parser.py,246,201,88,0,14%
Tools\peg_generator\pegen\parser_generator.py,246,180,90,0,23%
Tools\peg_generator\pegen\python_generator.py,228,181,96,0,16%
Tools\peg_generator\pegen\sccutils.py,49,45,30,0,5%
Tools\peg_generator\pegen\testutil.py,83,56,12,0,31%
Tools\peg_generator\pegen\tokenizer.py,83,66,42,0,15%
Tools\peg_generator\pegen\validator.py,27,15,16,0,42%
Tools\peg_generator\scripts\__init__.py,0,0,0,0,100%
Tools\peg_generator\scripts\test_parse_directory.py,93,63,27,1,26%
Tools\peg_generator\scripts\test_pypi_packages.py,53,32,16,1,32%
TOTAL,330617,290105,74003,835,12%
